{
  "hash": "77b7ffbf",
  "configHash": "031f0ee5",
  "lockfileHash": "41e25f0c",
  "browserHash": "558a5e64",
  "optimized": {
    "@angular/common": {
      "src": "../../../../../node_modules/@angular/common/fesm2022/common.mjs",
      "file": "@angular_common.js",
      "fileHash": "3fb2c474",
      "needsInterop": false
    },
    "@angular/core": {
      "src": "../../../../../node_modules/@angular/core/fesm2022/core.mjs",
      "file": "@angular_core.js",
      "fileHash": "5203982c",
      "needsInterop": false
    },
    "@angular/forms": {
      "src": "../../../../../node_modules/@angular/forms/fesm2022/forms.mjs",
      "file": "@angular_forms.js",
      "fileHash": "9d053ba4",
      "needsInterop": false
    },
    "@angular/material/snack-bar": {
      "src": "../../../../../node_modules/@angular/material/fesm2022/snack-bar.mjs",
      "file": "@angular_material_snack-bar.js",
      "fileHash": "e5d9df04",
      "needsInterop": false
    },
    "@angular/platform-browser": {
      "src": "../../../../../node_modules/@angular/platform-browser/fesm2022/platform-browser.mjs",
      "file": "@angular_platform-browser.js",
      "fileHash": "39121fe4",
      "needsInterop": false
    },
    "@angular/platform-browser/animations": {
      "src": "../../../../../node_modules/@angular/platform-browser/fesm2022/animations.mjs",
      "file": "@angular_platform-browser_animations.js",
      "fileHash": "fe85be30",
      "needsInterop": false
    },
    "@angular/router": {
      "src": "../../../../../node_modules/@angular/router/fesm2022/router.mjs",
      "file": "@angular_router.js",
      "fileHash": "d859f39c",
      "needsInterop": false
    }
  },
  "chunks": {
    "chunk-7FBVAZQC": {
      "file": "chunk-7FBVAZQC.js"
    },
    "chunk-O5DNNWVV": {
      "file": "chunk-O5DNNWVV.js"
    },
    "chunk-5QZTDWL6": {
      "file": "chunk-5QZTDWL6.js"
    },
    "chunk-LIIZP52Z": {
      "file": "chunk-LIIZP52Z.js"
    }
  }
}